text,factcheck_publicprivate,factcheck_violenceform,location,lat,long,date_time,weekday
"Headline: Sexuelle Belästigung und tätlicher Angriff: Bundespolizei stellt Tatverdächtigen und setzt Gewahrsam durch

Description: Am 6. Juli belästigte ein Mann eine Jugendliche am Dortmunder Hauptbahnhof sexuell. Als die Bundespolizisten die Identität des Tatverdächtigen feststellten, sperrte dieser sich gegen die Maßnahmen und versuchte, einen Beamten mit der geballten Faust zu schlagen. Gegen 01:10 Uhr informierte der ...",relationship unclear,"physical violence (e.g. stabbing, rape)",Dortmund,51.5135872,7.465298100000001,2025-07-06 15:48:00,Sunday
"Headline: A 59 bei Langenfeld - Verdacht des versuchten Tötungsdelikts - Mann steuert Pkw mutmaßlich absichtlich in Grünstreifen - Fahrer lebensgefährlich und Frau schwer verletzt - Mordkommission eingerichtet

Description: Gemeinsame Pressemeldung der Staatsanwaltschaft und der Polizei Düsseldorf Tatzeit: Samstag, 05. Juli 2025, 23:47 Uhr Nach bisherigen Erkenntnissen war ein 19-Jähriger Mann mit seiner 18-jährigen Beifahrerin in seinem Pkw auf der A 59 in Richtung Dinslaken unterwegs. In Höhe der Abfahrt ...",private environment,"physical violence (e.g. stabbing, rape)",Düsseldorf,51.2230411,6.7824545,2025-07-06 11:16:00,Sunday
"Headline: Einsatz am Platz der Republik

Description: Am frühen Freitagabend geriet ein 27-Jähriger aus Gera mit seiner 22-jährigen Ex-Freundin auf einem Spielplatz in der Geraer Innenstadt in Streit und beleidigte diese. Die Situation blieb einigen Passanten nicht unbemerkt. Sie forderten den Aggressor auf, die junge Frau in Ruhe zu lassen. Wutentbrannt entfernte sich der Herr einige Meter, nur um mit einer Gruppe Jugendlicher die nächste Auseinandersetzung ...",private environment,"harassment (e.g. verbal, exhibitionism)",Gera,50.8805556,12.08333333,2025-07-06 09:00:00,Sunday
"Headline: 2/2 Sexuelle Belästigung: Alkoholisierter Mann belästigt sexuell Frau im Hauptbahnhof - Festnahme durch Bundespolizei

Description: Nach jetzigem Sachstand der Hamburger Bundespolizei soll am 05.07.2025 gegen 10:36 Uhr ein Mann (Alter: 33 Jahre) eine Frau (Alter: 29 Jahre) im Hamburger Hauptbahnhof sexuell belästigt haben. Der ukrainische Staatsangehörige soll die Geschädigte in der Wandelhalle am Gesäß angefasst und gezielt ...",relationship unclear,"physical violence (e.g. stabbing, rape)",Hamburg,53.5488282,9.987170299999999,2025-07-06 07:44:00,Sunday
"Headline: 1/2 Sexuelle Belästigung: Mann entkleidet sich im ICE und belästigt anschließend Bundespolizistin sexuell

Description: Nach jetzigem Sachstand der Hamburger Bundespolizei soll am 05.07.2025 gegen 06:58 Uhr ein stark alkoholisierter Mann (Alter: 26 Jahre) sich in einem im Bahnhof Harburg auf Gleis 4 stehenden ICE entkleidet haben. Der betroffene Zug fuhr auf der Strecke Hamburg-Dammtor - Basel. Der marokkanische ...",in public,"harassment (e.g. verbal, exhibitionism)",Hamburg,53.5488282,9.987170299999999,2025-07-06 07:40:00,Sunday
"Headline: Frau tätlich angegriffen und später das Handy geraubt

Description: Am 04.07.2025 gegen 12:30 Uhr wurden Polizeibeamte während ihrer Streifentätigkeit von einer Frau angesprochen, die mitteilte, dass sie gegen 09:00 Uhr von einer ihr bekannten männlichen Person in ihrer Wohnung in Bad Salzungen in der Fritz-Wagner-Straße nach einer Auseinandersetzung am Hals gewürgt wurde. Der 41jährige Täter verlies danach die Wohnung der 25jährigen Geschädigten, erschien ...",private environment,"physical violence (e.g. stabbing, rape)",Bad Salzungen,50.814786,10.2327561,2025-07-06 07:33:00,Sunday
"Headline: Wachtberg-Pech: 57-Jähriger in Gewahrsam genommen

Description: Die Polizei hat am Samstagabend (05.07.2025) einen 57-jährigen Mann in Wachtberg-Pech in Gewahrsam genommen. Zuvor hatte seine Ehefrau über den Polizeinotruf Angaben zu einer Bedrohung gemacht. Der 57-Jährige soll sie in der gemeinsamen Wohnung mit einer Schusswaffe bedroht haben, woraufhin sie diese verlassen habe. Bei dem folgenden Polizeieinsatz wurde der 57-Jährige gegen 22:45 Uhr von hinzugezogenen ...",private environment,"harassment (e.g. verbal, exhibitionism)",Bonn,50.73743,7.0982068,2025-07-05 23:26:00,Saturday
"Headline: Exhibitionist belästigt Gäste in einem Eiscafé in der Gelsenkirchener Altstadt

Description: Am Freitag, 04.Juli.2025, gegen 19 Uhr, belästigte ein 51-jähriger männlicher Gelsenkirchener Gäste in einem Eiscafé in der Gelsenkirchener Altstadt. Er zog seine Hose herunter, entblößte sein Geschlechtsteil und forderte anwesende Frauen zu weiteren sexuellen Handlungen auf. Durch anwesende männliche Gäste wurde der alkoholisierte ...",relationship unclear,"harassment (e.g. verbal, exhibitionism)",Gelsenkirchen,51.5187651,7.0838411,2025-07-05 07:51:00,Saturday
"Headline: Vaihingen an der Enz-Horrheim: Exhibitionist an Badesee

Description: Am Freitag (04.07.2025) gegen 15 Uhr meldete ein Zeuge der Polizei, dass an den Seewaldseen bei Horrheim ein älterer Herr exhibitionistische Handlungen vornahm. Er habe nach Angaben mehrerer weiblicher und größtenteils noch minderjähriger Badegäste deutlich wahrnehmbar an seinem Glied manipuliert, wodurch sich die Geschädigten belästigt ...",in public,"harassment (e.g. verbal, exhibitionism)",Ludwigsburg,48.8891149,9.1942834,2025-07-05 07:31:00,Saturday
"Headline: Darmstadt: In Umkleidekabine fotografiert/Polizei nimmt 55-Jährigen fest

Description: Eine 19 Jahre alte Frau bemerkte am Freitagnachmittag (04.07.), kurz vor 15.30 Uhr, dass ein Mann in einer Umkleidekabine des Nordbads in der Alsfelder Straße heimlich Fotos von ihr fertigte. Sie verständigte daraufhin sofort Angestellte des Schwimmbads. Der 55 Jahre alte Verdächtige aus dem ...",in public,"harassment (e.g. verbal, exhibitionism)",Darmstadt,49.8728253,8.6511929,2025-07-04 19:23:00,Friday
"Headline: Hemmingen-Arnum: Frau in Mehrfamilienhaus getötet - Polizei nimmt Tatverdächtigen fest

Description: Am Freitagvormittag, 04.07.2025, ist es in einem Mehrparteienhaus im Hemminger Ortsteil Arnum zu einem Tötungsdelikt gekommen. Eine Frau wurde so schwer verletzt, dass sie trotz sofort eingeleiteter medizinischer Maßnahmen noch am Tatort verstarb. Einsatzkräfte nahmen einen tatverdächtigen Mann ...",relationship unclear,homicide,Hannover,52.3758916,9.732010400000002,2025-07-04 15:46:00,Friday
"Headline: 04.07.2025-2-PD NMS- Zeugenaufruf nach Körperverletzung im Freibad Büdelsdorf

Description: Am Mittwochabend ist es im Freibad in Büdelsdorf zu einer Körperverletzung gekommen. Eine Mitarbeiterin des Freibades wurde hierbei von einem Jugendlichen ins Gesicht geschlagen. Am 02.07.2025, gegen 19:45 Uhr kam es im Freibad in Büdelsdorf zu einer Körperverletzung. Nach ersten ...",in public,"physical violence (e.g. stabbing, rape)",Büdelsdorf,54.3178434,9.680001599999999,2025-07-04 13:46:00,Friday
"Headline: +Zeugin zu körperlicher Auseinandersetzung gesucht+

Description: Verden. Am Montag, dem 30. Juni, kam es vor der Nikolaischule in Verden zu einer körperlichen Auseinandersetzung zwischen einem Mann und einer Frau. Eine bislang unbekannte Zeugin sei bei der Auseinandersetzung eingeschritten und habe gedroht, die Polizei zu rufen. Diese Zeugin soll die Auseinandersetzung zudem mittels Handy gefilmt haben. Der Mann habe daraufhin von der Frau abgelassen und sie ...",relationship unclear,"physical violence (e.g. stabbing, rape)",Landkreis Verden,52.9246506,9.2280798,2025-07-04 13:31:00,Friday
"Headline: Unbekannter entblößt sich nachts vor junger Frau in Vellmar: Kripo sucht Zeugen

Description: Vellmar (Landkreis Kassel): Ein bislang unbekannter Täter hat sich in der Nacht von Montag auf Dienstag auf einem Fußweg nahe dem Friedhof Vellmar-West vor einer jungen Frau entblößt. Der Exhibitionist hatte plötzlich gegen 00:40 Uhr mit heruntergelassener Hose vor der 20-Jährigen gestanden, als sie den Fußweg parallel der Hans-Neusel-Straße ...",in public,"harassment (e.g. verbal, exhibitionism)",Kassel,51.3118828,9.4915751,2025-07-04 12:11:00,Friday
"Headline: Fortschreibung 2: Gemeinsame Presseinfo der Staatsanwaltschaft Hagen und Polizei Hagen - Frau auf offener Straße durch ehemaligen Lebensgefährten schwer verletzt - Zeugen gesucht

Description: Nachdem eine 33-jährige Frau am 26. Juni 2025 in der Lützowstraße durch ihren ehemaligen Lebensgefährten schwer im Bereich des Kopfes verletzt wurde, sucht die Kriminalpolizei nach Zeugen. Während der Tat hielt ein vermutlich schwarzes Auto am Tatort, aus dem zwei männliche Personen ausstiegen. ...",private environment,"physical violence (e.g. stabbing, rape)",Hagen,51.3678219,7.463638599999999,2025-07-04 11:47:00,Friday
"Headline: (Enzkreis) Knittlingen - Exhibitionist onaniert vor Spaziergängerin

Description: Am Donnerstagmorgen ist eine Spaziergängerin auf einem Feldweg in Knittlingen von einem Exhibitionisten belästigt worden. Die Geschädigte ging am 03.07.2025 gegen 08:30 Uhr auf dem Feldweg ""Grünbüchle"" in Knittlingen zwischen Sportverein und Wohngebiet mit ihrem Hund spazieren. Sie bemerkte einen Mann mit teilweise heruntergelassener Hose, der ...",in public,"harassment (e.g. verbal, exhibitionism)",Knittlingen,49.0240107,8.7582988,2025-07-04 11:44:00,Friday
"Headline: Exhibitionist vorläufig festgenommen

Description: Ein Unbekannter hat am Donnerstagmorgen (03.07.2025) in der Industriestraße zwei Frauen sein Glied gezeigt. Die Frauen befanden sich gegen 09.05 Uhr in der Industriestraße, als der Unbekannte sie nach einer Zigarette fragte. Der Mann trug einen Rock und entblößte sein Glied vor den Frauen, das durch einen Riss sichtbar war. Nachdem der Mann keine Zigarette erhalten hatte, ging er in ...",in public,"harassment (e.g. verbal, exhibitionism)",Stuttgart-Vaihingen,48.7303646,9.107941799999999,2025-07-04 11:06:00,Friday
"Headline: Entblößter Mann verfolgt Frau nach Belästigung zur Bundespolizei

Description: Am Abend des 03. Juli meldete sich eine deutsche Staatsangehörige bei den Bundespolizisten am Recklinghäuser Hauptbahnhof. Direkt gefolgt von einem burkinischen Staatsangehörigen, der die Wache mit offener Hose und entblößtem Glied betritt. Gegen 20:20 Uhr klingelte die 39-Jährige an der Bundespolizeiwache am Hauptbahnhof Recklinghausen und ...",relationship unclear,"harassment (e.g. verbal, exhibitionism)",Recklinghausen,51.6117809,7.197388500000001,2025-07-04 10:29:00,Friday
"Headline: Betrunkener erhebt Messer bedrohlich

Description: Eisenberg: Als sich ein Mann und eine Frau, die sich aus der Nachbarschaft kennen, am Donnerstagabend zufällig in der Bahnhofstraße trafen, erhob der Mann plötzlich ein Messer. Auf die Intervention anderer Passanten hin, steckte er das Messer wieder ein und ging seiner Wege. Die verständigte Polizei stellte den Aggressor im Nahbereich samt Messer fest. Dieser war stark alkoholisiert und ...",private environment,"harassment (e.g. verbal, exhibitionism)",Saale-Holzland-Kreis,50.9705203,11.89803,2025-07-04 09:30:00,Friday
"Headline: Sexuelle Belästigung im Schwimmbad

Description: Am Mittwoch (02.07.2025), gegen 16:40 Uhr, belästigte ein 36-Jähriger im Willersinn-Freibad 4 Frauen im Alter von 13 bis 28 Jahre, in dem er sie u.a. am Gesäß unsittlich berührte. Die Geschädigten wandten sich an die Security-Mitarbeiter des Schwimmbads, welche die Polizei informierten. Der Mann wurde zu einer Polizeidienststelle verbracht, wo er erkennungsdienstlich behandelt wurde. Gegen ihn ...",relationship unclear,"physical violence (e.g. stabbing, rape)",Ludwigshafen,49.4774018,8.4447451,2025-07-03 15:55:00,Thursday
"Headline: (Konstanz / Landkreis Konstanz) Steinewerfer im Herose-Park (01.07.2025)

Description: Am Dienstag haben Jugendliche, gegen 22 Uhr im Herose-Park für Unruhe gesorgt, indem sie Passanten mit Steinen beworfen haben. Die drei unbekannten Jugendlichen warfen die teils faustgroßen Steine aus einem Gebüsch heraus und verletzten dadurch mindestens zwei junge Frauen. Darüber hinaus beleidigten sie die Passanten noch. Die leichtverletzte ...",in public,"physical violence (e.g. stabbing, rape)",Konstanz,47.6779808,9.1736741,2025-07-03 14:00:00,Thursday
"Headline: (Freudenstadt) Loßburg - Exhibitionist im Zauberland

Description: Am Mittwochnachmittag ist eine Frau in der Parkanlage von einem Exhibitionisten belästigt worden. Die 32-jährige Geschädigte passierte mit ihren drei- und einjährigen Kindern am 02.07.2025 gegen 13:15 Uhr die Waldklassenhütte, als sie bemerkte, wie der Unbekannte in der Hütte sitzend offensichtlich an seinem entblößten Geschlechtsteil ...",in public,"harassment (e.g. verbal, exhibitionism)",Loßburg,48.4111495,8.449142799999999,2025-07-03 13:49:00,Thursday
"Headline: Upskirting - Mann fertigt unerlaubt Bilder von Reisender

Description: Mittwochmorgen (2. Juli) hat ein 55-Jähriger in der S3 nach Heidelberg unerlaubt Bilder einer Reisenden gefertigt. Ein aufmerksamer Zeuge hat den Sachverhalt beobachtet und den Mann festgehalten. Der Tatverdächtige wurde vorläufig festgenommen. Gegen 7:30 Uhr nutzte die geschädigte 33-jährige türkische Staatsangehörige die S3 (Laufweg ...",relationship unclear,"harassment (e.g. verbal, exhibitionism)",Heidelberg,49.3987524,8.6724335,2025-07-03 13:11:00,Thursday
"Headline: 250703 - 0683 Frankfurt - Bonames: Gemeinsame Pressemitteilung der Staatsanwaltschaft und des Polizeipräsidiums Frankfurt a. M. - Festnahme nach Tötungsdelikt

Description: Gestern Nachmittag (02.07.25) kam es in einem Wohnhaus in Bonames zu einem Tötungsdelikt. Ein 46-jähriger Mann verstarb noch vor Ort, eine 31-jährige Frau wurde verletzt. Die Polizei nahm einen 36-jährigen bulgarischen Staatsangehörigen fest, der heute von der Staatsanwaltschaft dem ...",private environment,homicide,Frankfurt,50.1109221,8.6821267,2025-07-03 12:34:00,Thursday
"Headline: Besigheim: sexuelle Belästigung im Freibad

Description: Gegen einen 27 Jahre alten Tatverdächtigen ermittelt die Kriminalpolizei des Polizeipräsidiums Ludwigsburg wegen sexueller Belästigung, nachdem der Mann am Mittwoch (02.07.2025) gegen 17.40 Uhr im Schwimmerbecken des Besigheimer Freibads aufgefallen war. Während eine 14-Jährige im flachen Bereich des Beckens einen Handstand machte, griff der Tatverdächtige an ihren Po und strich einer weiteren ...",relationship unclear,"physical violence (e.g. stabbing, rape)",Ludwigsburg,48.8891149,9.1942834,2025-07-03 11:38:00,Thursday
"Headline: Gemeinsame PM der Staatsanwaltschaft Freiburg und dem PP Freiburg | Folgemeldung zu ""Freiburg-Littenweiler: Sexuelle Belästigung nach Straßenbahnfahrt...""; hier: Tatverdächtiger festgenommen

Description: Nach dem Vorfall vom Dienstagabend, 24.06.2025, bei dem eine 34-jährige Geschädigte durch einen zunächst Unbekannten ""Am Kreuzsteinacker"" im Freiburger Stadtteil Littenweiler sexuell belästigt wurde, ist es der Staatsanwaltschaft und der Kriminalpolizei Freiburg im Zuge der gemeinsamen ...",in public,"physical violence (e.g. stabbing, rape)",Freiburg,47.9990077,7.842104299999999,2025-07-03 11:04:00,Thursday
"Headline: Darmstadt: Anzeige gegen 25-Jährigen / Kriminalpolizei ermittelt

Description: Nach einer Festnahme am Mittwochnachmittag (2.7.) in einem Schwimmbad in der Alsfelder Straße muss sich ein 25 Jahre alter Tatverdächtiger jetzt in einem Verfahren strafrechtlich verantworten. Gegen 14 Uhr meldete sich der Bademeister telefonisch bei der Polizei und teilte mit, dass drei junge Frauen im Alter von 17 Jahren in einem Schwimmbecken ...",relationship unclear,"physical violence (e.g. stabbing, rape)",Darmstadt,49.8728253,8.6511929,2025-07-03 11:01:00,Thursday
"Headline: Rüsselsheim: 23-Jährige unsittlich berührt/Polizei nimmt Verdächtigen vorläufig fest

Description: Am Mittwoch (02.07.) nahmen Polizeibeamte einen 28-Jährigen im Schwimmbad ""An der Lache"" vorläufig fest. Der Mann ohne festen Wohnsitz in Deutschland steht im Verdacht, gegen 17.20 Uhr eine 23 Jahre alte Frau beim Schwimmen unsittlich berührt zu haben. Die Frau verständigte daraufhin unmittelbar die Badeaufsicht. Der 28-Jährige muss sich jetzt ...",relationship unclear,"physical violence (e.g. stabbing, rape)",Rüsselsheim,49.9887497,8.4216976,2025-07-03 11:00:00,Thursday
"Headline: Frau in Straßenbahn angespuckt und bedroht: Flüchtender Täter soll Axt vorgehalten haben

Description: Kassel-Bettenhausen: Am gestrigen Mittwochabend wurden die Beamten des Polizeireviers Ost gegen 20:40 Uhr zur Straßenbahnhaltestelle ""Kirchgasse"" in Kassel gerufen, da dort ein Mann in einer Straßenbahn im Rahmen eines Streits eine Frau beleidigt und bedroht haben soll. Die hinzugeeilten Streifen ...",in public,"harassment (e.g. verbal, exhibitionism)",Kassel,51.3118828,9.4915751,2025-07-03 10:56:00,Thursday
"Headline: Hinterzarten, Mathisleweiher: Unbekannter Exhibitionist, Zeugen gesucht!

Description: Am Samstagabend, 28.06.2025, soll eine 32-jährige Frau zwischen 18:00 Uhr und 19:00 Uhr am Mathisleweiher in Hinterzarten von einem unbekannten Mann mit belanglosem Inhalt angesprochen worden sein. Einige Zeit später sei die Frau von Passanten darüber informiert worden, dass sich in ihrer Nähe hinter einem Gebüsch ein nackter Mann aufhalten und ...",in public,"harassment (e.g. verbal, exhibitionism)",Freiburg,47.9990077,7.842104299999999,2025-07-02 16:30:00,Wednesday
"Headline: Unbekannter belästigt Frau in Parkanlage +++ Zwei Körperverletzungen in Oberursel +++ Werkzeuge von Baustellen gestohlen

Description: 1. Unbekannter belästigt Frau in Parkanlage, Kronberg, Victoriapark, Dienstag, 01.07.2025, 10.10 Uhr (da)Am Dienstagvormittag hat ein Unbekannter in einer Kronberger Parkanlage eine Frau belästigt. Die 60-Jährige hielt sich gegen 10.10 Uhr im Victoriapark auf, als ein ihr ...",in public,"physical violence (e.g. stabbing, rape)",Bad Homburg v.d. Höhe,50.2284412,8.617754999999999,2025-07-02 15:51:00,Wednesday
"Headline: Kamen - Polizei ermittelt Tatverdächtigen nach Beziehungsstreit

Description: Am Dienstag (01.07.2025) kam es gegen 19.10 Uhr zu Beziehungsstreitigkeiten zwischen einer 38-Jährigen Ukrainerin aus Lünen und einem 55-Jährigen Usbeken aus Dortmund. Ausgetragen wurde der Streit in einem Lebensmittelgeschäft an der Königsberger Straße in Kamen-Mitte. Der Mann kam dorthin mit der Absicht, ein Gespräch mit seiner Ex-Frau führen zu ...",private environment,"harassment (e.g. verbal, exhibitionism)",Kamen,51.5882752,7.6590458,2025-07-02 15:24:00,Wednesday
"Headline: Polizei ermittelt nach sexueller Belästigung und bittet um Zeugenhinweise

Description: Innenstadt - Am Dienstag (01.07.2025) belästigen ein bislang unbekannter Täter eine 28-Jährige in der Berliner Allee. Gegen 22.00 Uhr war die 28-Jährige auf Höhe der Hausnummer 51 zu Fuß auf dem Geh- und Radweg am Westufer des Lechs unterwegs. Hierbei berührte sie der bislang unbekannte ...",in public,"physical violence (e.g. stabbing, rape)",Augsburg,48.3705449,10.89779,2025-07-02 14:37:00,Wednesday
"Headline: Sexuelle Belästigung im Schlosspark Celle - Zeugen gesucht

Description: Celle - Am Dienstag, den 01.07.2025, ist es zwischen 16:30 und 17:10 Uhr im Schlosspark Celle durch einen unbekannten männlichen Täter zu einer sexuellen Belästigung gekommen. Der Mann soll zwei 13-jährigen Mädchen von der Stechbahn bis zum Spielplatz im Schlosspark gefolgt sein. Dabei hat er sich immer wieder in den Schritt gefasst und den Mädchen zugewunken. Im Anschluss hat der Mann auf dem ...",in public,"harassment (e.g. verbal, exhibitionism)",Celle,52.6263797,10.080865,2025-07-02 14:35:00,Wednesday
"Headline: Sexuelle Belästigung im Regionalzug / Bundespolizei sucht Zeugen

Description: Am Montagmittag (30.06.) wurde eine 17-jährige deutsche Staatsangehörige gegen 13:30 Uhr in einem Regionalzug (SWE87374) auf der Fahrt von Offenburg nach Oberkirch sexuell belästigt. Der Polizeiposten Oberkirch konnte den Täter, einen gambischen Staatsangehörigen, stellen. Gegen den 19-Jährigen wurde ein Strafverfahren wegen sexueller ...",relationship unclear,"harassment (e.g. verbal, exhibitionism)",Offenburg/Oberkirch,48.473451,7.9498017,2025-07-02 13:36:00,Wednesday
"Headline: Handgreiflicher Hagener wird in Gewahrsam genommen und angezeigt

Description: Im Bereich der Innenstadt wurde eine Hagenerin Dienstagvormittag (01.07.2025) durch ihren Ehemann verletzt, sie musste in einem Krankenhaus ambulant behandelt werden. Ihr polizeibekannter 36-jähriger Mann habe ihr ohne Ankündigung mehrfach mit beiden Fäusten ins Gesicht und auf den Kopf geschlagen. Nachdem die Polizei eingetroffen war, verhielt ...",private environment,"physical violence (e.g. stabbing, rape)",Hagen-Mitte,51.3600454,7.4676731,2025-07-02 11:50:00,Wednesday
"Headline: Person kommt Platzverweis nicht nach und leistet Widerstand

Description: Da ein 26-Jähriger im Hauptbahnhof Freiburg im Breisgau eine Reisende belästigt haben soll, erteilte ihm die Bundespolizei einen Platzverweis. Als er diesem nicht nachkam, nahmen die Einsatzkräfte ihn in Gewahrsam. Am Dienstagabend (01.07.2025) erhielt die Bundespolizei die Information über eine alkoholisierte Person im Bahnhof. Eine ...",relationship unclear,"harassment (e.g. verbal, exhibitionism)",Freiburg im Breisgau,47.9990077,7.842104299999999,2025-07-02 11:07:00,Wednesday
"Headline: Bedrohung einer 17-Jährigen im Zug nach Pforzheim

Description: Dienstagabend (1. Juli) ist es im RE 1 von Karlsruhe nach Pforzheim zu einer Bedrohung gegenüber einer 17-jährigen Frau gekommen. Der Tatverdächtige ist bislang unbekannt. Gegen 21:40 Uhr befand sich die 17-jährige syrische Geschädigte im RE 1 auf der Fahrt nach Pforzheim, als sich ein ihr unbekannter Mann neben sie setzte. Dabei telefonierte er lautstark in arabischer Sprache, was die ...",in public,"harassment (e.g. verbal, exhibitionism)","Karlsruhe, Pforzheim",48.8921862,8.6946286,2025-07-02 10:59:00,Wednesday
"Headline: Voerde - Mann nimmt exhibitionistische Handlungen an sich vor - Polizei sucht Zeugen

Description: Am Dienstag gegen 17.30 Uhr zeigte sich ein Unbekannter gegenüber einer Jugendlichen und einer jungen Frau in schamverletzender Weise am Tenderingsweg. Die 16-jährige Hünxerin und die 19-jährige Voerderin befanden sich gegen 17.15 Uhr an einem abgelegenen Abschnitt des Tenderingssees. Dieser befindet sich an der dem Eingang des Strandbades ...",in public,"harassment (e.g. verbal, exhibitionism)",Voerde,51.6005212,6.6544111,2025-07-02 10:54:00,Wednesday
"Headline: Mörfelden-Walldorf: Exhibitionist vorläufig festgenommen

Description: Nach seiner vorläufigen Festnahme am Dienstag (01.07.) wird sich ein 34 Jahre alter Mann strafrechtlich verantworten müssen. Der 34-Jährige steht im Verdacht, sich am Nachmittag, gegen 15.30 Uhr, am Bahnhof Mörfelden aus einem Bus heraus entblößt und hierbei einer 29 Jahre alten Frau, die an der Bushaltestelle auf ihren Bus wartete, ...",in public,"harassment (e.g. verbal, exhibitionism)",Mörefelden-Walldorf,49.980722,8.561487,2025-07-02 10:05:00,Wednesday
"Headline: (FDS) Grömbach - Exhibitionist entblößt sich - Zeugensuche mit Täterbeschreibung

Description: Am Montagnachmittag ist eine Frau von einem Exhibitionisten belästigt worden. Nach bisherigem Stand der Ermittlungen lief die Frau gegen 18:30 Uhr nach dem Baden an der Nagoldtalsperre zu ihrem Handtusch, welches sie am Ufer, Nahe der Nagoldtalsperre entlang der Landesstraße 362 abgelegt hatte. Hier bemerkte sie einen ihr unbekannten Mann hinter ...",in public,"harassment (e.g. verbal, exhibitionism)",Grömbach,48.5728781,8.5457847,2025-07-02 09:50:00,Wednesday
"Headline: Nr.: 0422 --Angriff auf trans Person - Staatsschutz ermittelt--

Description: - Ort: Bremen-Walle, OT Walle, Bremerhavener Straße Zeit: 30.06.205, 19.30 Uhr Am Montagabend kam es an einer Straßenbahnhaltestelle im Bremer Stadtteil Walle zu einem gewalttätigen Übergriff auf eine 18-jährige trans Person. Der polizeiliche Staatsschutz hat die Ermittlungen aufgenommen. Nach bisherigen Erkenntnissen hielt sich die betroffene ...",in public,"physical violence (e.g. stabbing, rape)",Bremen,53.07929619999999,8.8016937,2025-07-02 09:30:00,Wednesday
"Headline: Pinneberg - Seniorin nach körperlicher Auseinandersetzung mit schweren Verletzungen im Krankenhaus - Polizei nimmt Sohn des Opfers vorläufig fest

Description: Am Montagabend (30.06.2025) ist es in einem Einfamilienhaus im Wohngebiet Pinneberg-Waldenau zu einer Gewalttat zwischen Mutter und Sohn gekommen, bei der die Frau schwere Verletzungen erlitt und in ein Krankenhaus verbracht werden musste. Nach bisherigen Erkenntnissen kam es gegen 21:50 Uhr auf ...",private environment,"physical violence (e.g. stabbing, rape)",Pinneberg,53.6633556,9.7925675,2025-07-01 14:43:00,Tuesday
"Headline: Erste Folgemeldung zu: Gemeinsame Pressemitteilung der Staatsanwaltschaft Essen und der Polizei Gelsenkirchen: Mann gesteht Gewalttat

Description: Die Polizei Gelsenkirchen berichtete heute Nacht, 1. Juli 2025, über einen 18-jährigen Gelsenkirchener, der eine Gewalttat in Horst gestanden hat (https://www.presseportal.de/blaulicht/pm/51056/6066719). Bei der 46-jährigen Frau, die leblos in der angegebenen Wohnung in der Harthorststraße ...",private environment,homicide,Gelsenkirchen,51.5187651,7.0838411,2025-07-01 13:12:00,Tuesday
"Headline: Sexuelle Belästigung - Bundespolizei stellt Tatverdächtigen im Hauptbahnhof

Description: Am Montagmittag (30. Juni) soll ein 66-jähriger Münsteraner ein 16-jähriges Mädchen im Vorbeigehen unsittlich berührt haben. Den Angaben der Jugendlichen zufolge, überquerte sie die Ampelanlage vor dem Hauptbahnhof in Richtung Windthorststraße, als der Mann sie angerempelt und an den Hintern gefasst haben soll. Der Mann verschwand anschließend ...",in public,"physical violence (e.g. stabbing, rape)",Münster,51.9606649,7.6261347,2025-07-01 11:37:00,Tuesday
"Headline: Mann schüchtert seine Frau nach häuslicher Gewalt im Beisein der Polizei ein

Description: Am Montag (30.06.2025) wurde eine Hagenerin in Hohenlimburg in der Mittagszeit bei einer häuslichen Gewalt verletzt. Ihr 33-jähriger Ehemann sei handgreiflich geworden und habe sie mehrfach mit einer Gürtelschnalle geschlagen, am Kragen des Kleides festgehalten und ihr mit der Faust gegen den Hinterkopf geschlagen. Um sich vor weiteren ...",private environment,"physical violence (e.g. stabbing, rape)",Hagen-Hohenlimburg,51.3570948,7.56449,2025-07-01 11:12:00,Tuesday
"Headline: Heidelberg: Zwei verletzte Fußgängerinnen nach Bewurf mit Wasserballons - Zeugenaufruf

Description: Am Montag gegen 21:20 Uhr waren zwei Frauen im Alter von 76 Jahren und 45 Jahren zu Fuß entlang der Hertzstraße im Heidelberger Stadtteil Rohrbach unterwegs, als vier bis fünf Jugendliche auf E-Scootern an ihnen vorbeifuhren und sie mit wassergefüllten Ballons bewarfen. Beide Frauen wurden am Oberkörper getroffen und wurden hierbei leicht ...",in public,"physical violence (e.g. stabbing, rape)",Heidelberg,49.3987524,8.6724335,2025-07-01 10:38:00,Tuesday
"Headline: Frau geschlagen

Description: Die Polizei sucht zwei Jugendliche, die in der Nacht zu Dienstag eine Frau am Fackelrondell geschlagen haben. Gegen Mitternacht sollen die zwei jungen Männer die 44-jährige Frau angesprochen haben. Im Verlauf entwickelte sich ein Streitgespräch. Dabei schlugen ihr die Unbekannten jeweils ins Gesicht. Im Anschluss verschwanden die Täter in unbekannte Richtung. Die 44-Jährige konnte keine genaue Beschreibung abgeben. Die Jugendlichen waren ungefähr ...",in public,"physical violence (e.g. stabbing, rape)",Kaiserslautern,49.4400657,7.7491265,2025-07-01 09:56:00,Tuesday
"Headline: Nach sexueller Belästigung - 26-Jährigen vorläufig festgenommen

Description: Polizeibeamte haben am Montag (30.06.2025) einen 26 Jahre alten Mann festgenommen, der im Verdacht steht, eine 45-jährige Frau sexuell belästigt zu haben. Die 45-Jährige befand sich gegen 11.30 Uhr im Bereich der Boslerstraße, als sich der 26-Jährige ihr näherte, sie gegen ihren Willen küsste und unsittlich berührte. Alarmierte Beamte ...",relationship unclear,"physical violence (e.g. stabbing, rape)",Stuttgart-Ost,48.7820069,9.2086769,2025-07-01 09:09:00,Tuesday
"Headline: Exhibitionist im Botanischen Garten - Zeugen gesucht

Description: Plieningen (ots) - Ein unbekannter Mann hat am frühen Sonntagmorgen (29.06.2025) im Botanischen Garten vor einer jungen Frau an seinem Glied manipuliert. Die 17-Jährige befand sich gegen 01.55 Uhr auf Höhe eines Zugangs, als sie den unbekannten Mann bemerkte, der an seinem Glied manipulierte. Der Unbekannte war sehr schlank. Zeugen werden gebeten, sich ...",in public,"harassment (e.g. verbal, exhibitionism)",Stuttgart- Plieningen,48.7087513,9.2052496,2025-06-30 15:18:00,Monday
"Headline: Dorsten: Frau und Kleinkind tot aufgefunden - Nachtragsmeldung

Description: Gemeinsame Presseerklärung der Staatsanwaltschaft Essen und des Polizeipräsidiums Recklinghausen: Nach dem Fund einer leblosen Frau und eines leblosen Kindes am Sonntag (29.06.2025) gibt es neue Erkenntnisse. Bei der Frau handelt es sich um eine 32-jährige Ukrainerin, bei dem Kind um ihre 1 Jahr und 7 Monate alte Tochter. Beide wohnten in ...",private environment,homicide,Recklinghausen,51.6117809,7.197388500000001,2025-06-30 13:52:00,Monday
"Headline: Exhibitionist am Busbahnhof in Rheydt

Description: Am Samstag, 28. Juni, zeigte sich zwischen 23.30 bis 23.45 Uhr an der Bahnhofstraße in Rheydt ein bislang Unbekannter einer 17-Jährigen in schamverletzender Weise. Nach Aussage der Jugendlichen habe sie am Busbahnhof in Rheydt gewartet, als ihr ein Mann auf einem Fahrrad auffiel, der den Platz immer wieder umkreiste. Der Mann soll plötzlich in ihre Richtung gepfiffen und dabei seine Hose sowie ...",in public,"harassment (e.g. verbal, exhibitionism)",Mönchengladbach,51.1941686,6.4315392,2025-06-30 12:46:00,Monday
"Headline: Sexuelle Belästigung in Linienbus

Description: Am Freitag, 27. Juni, ist eine Jugendliche in einem Bus der NEW sexuell belästigt worden. Die Polizei bittet nun um Hinweise zu dem Tatverdächtigen. Die Tat ereignete sich gegen 15 Uhr. Die 17-Jährige war mit einem Bus der Linie 16 unterwegs, als der Unbekannte am Marienplatz zustieg und neben ihr Platz nahm. Im Laufe der Fahrt habe er das Mädchen zunehmend unsittlich berührt. Anschließend ...",in public,"physical violence (e.g. stabbing, rape)",Mönchengladbach,51.1941686,6.4315392,2025-06-30 12:14:00,Monday
"Headline: Freiburg-Betzenhausen: 27-Jähriger soll mehrere Jugendliche beim Schwimmen sexuell belästigt haben

Description: Am Samstag, 28.06.2025, soll ein 27-Jähriger mehrere jugendliche Schwimmerinnen und Schwimmer im Flückigersee in Freiburg sexuell belästigt haben. Ein Zeuge hatte die Polizei um 19 Uhr verständigt und mitgeteilt, dass eine mehrköpfige Männergruppe im See Mädchen bedrängen würde. Vor Ort ...",relationship unclear,"physical violence (e.g. stabbing, rape)",Freiburg,47.9990077,7.842104299999999,2025-06-30 11:38:00,Monday
"Headline: Mann entblößt sich vor 66-Jähriger

Description: Im Waldgebiet am Markscheiderweg hat ein bislang unbekannter Täter am Sonntag, 29. Juni, um 8.30 Uhr sein Glied vor einer 66-Jährigen entblößt. Anschließend nahm er sein Gemächt in die Hand und entfernt sich wieder von der Örtlichkeit. Die Hammerin beschreibt den Täter wie folgt: männlich, zwischen 30-40 Jahre alt, weißes T-Shirt, schwarzer Helm. Hinweise zum Flüchtigen nimmt die Polizei ...",in public,"harassment (e.g. verbal, exhibitionism)",Hamm-Pelkum,51.6399839,7.7547714,2025-06-30 11:26:00,Monday
"Headline: (UL) Ulm - In Streit geraten / Am Sonntag waren wohl falsch abgestellt Schuhe die Ursache für einen Streit in Ulm.

Description: Der Streit ereignete sich um kurz nach 11.00 Uhr in der Wielandstraße. Es kam zum lautstarken Streit zwischen einem 56-Jährigen und einer 35-Jährigen. Die Frau wurde dabei wohl auch mit einem Messer bedroht. Die Polizeistreife vor Ort klärte die Umstände. Grund für den Streit waren wohl nicht ...",relationship unclear,"harassment (e.g. verbal, exhibitionism)",Ulm,48.4010822,9.987607599999999,2025-06-30 11:01:00,Monday
"Headline: Gepackt und in den Ausschnitt geschaut - Bundespolizei fasst Tatverdächtigen

Description: Am Abend des 29. Juni alarmierten Mitarbeiter der Deutschen Bahn die Bundespolizisten am Dortmunder Hauptbahnhof. Ein 41-Jähriger habe eine Minderjährige belästigt. Gegen 17:30 Uhr informierte die DB-Sicherheit die Einsatzkräfte am Hauptbahnhof Dortmund, nachdem eine junge Frau und ihr Begleiter ...",in public,"physical violence (e.g. stabbing, rape)",Dortmund,51.5135872,7.465298100000001,2025-06-30 09:20:00,Monday
